{"IcoMoonType":"selection","icons":[{"icon":{"paths":["M204.8 102.4h819.2l-153.6 460.8h-665.6c-28.277 0-51.2 22.923-51.2 51.2s22.923 51.2 51.2 51.2v0h665.6v102.4h-665.6c-84.831 0-153.6-68.769-153.6-153.6s68.769-153.6 153.6-153.6v0h16.896l-68.096-204.8-51.2-153.6h-102.4v-102.4h153.6c28.277 0 51.2 22.923 51.2 51.2v0 51.2zM256 1024c-56.554 0-102.4-45.846-102.4-102.4s45.846-102.4 102.4-102.4v0c56.554 0 102.4 45.846 102.4 102.4s-45.846 102.4-102.4 102.4v0zM768 1024c-56.554 0-102.4-45.846-102.4-102.4s45.846-102.4 102.4-102.4v0c56.554 0 102.4 45.846 102.4 102.4s-45.846 102.4-102.4 102.4v0z"],"attrs":[],"isMulticolor":false,"isMulticolor2":false,"tags":["shopping-cart"],"grid":20},"attrs":[],"properties":{"id":233,"order":18,"prevSize":20,"code":59659,"name":"shopping-cart"},"setIdx":7,"setId":8,"iconIdx":232}],"height":1024,"metadata":{"name":"icomoon"},"preferences":{"showGlyphs":true,"showQuickUse":true,"showQuickUse2":true,"showSVGs":true,"fontPref":{"prefix":"icon-","metadata":{"fontFamily":"icomoon"},"metrics":{"emSize":1024,"baseline":6.25,"whitespace":50},"embed":false},"imagePref":{"prefix":"icon-","png":true,"useClassSelector":true,"color":0,"bgColor":16777215,"classSelector":".icon"},"historySize":50,"showCodes":true,"gridSize":16}}