{"IcoMoonType":"selection","icons":[{"icon":{"paths":["M204.8 102.4h819.2l-153.6 460.8h-665.6c-28.277 0-51.2 22.923-51.2 51.2s22.923 51.2 51.2 51.2v0h665.6v102.4h-665.6c-84.831 0-153.6-68.769-153.6-153.6s68.769-153.6 153.6-153.6v0h16.896l-68.096-204.8-51.2-153.6h-102.4v-102.4h153.6c28.277 0 51.2 22.923 51.2 51.2v0 51.2zM256 1024c-56.554 0-102.4-45.846-102.4-102.4s45.846-102.4 102.4-102.4v0c56.554 0 102.4 45.846 102.4 102.4s-45.846 102.4-102.4 102.4v0zM768 1024c-56.554 0-102.4-45.846-102.4-102.4s45.846-102.4 102.4-102.4v0c56.554 0 102.4 45.846 102.4 102.4s-45.846 102.4-102.4 102.4v0z"],"attrs":[],"isMulticolor":false,"isMulticolor2":false,"tags":["shopping-cart"],"grid":20},"attrs":[],"properties":{"id":0,"order":18,"prevSize":20,"code":59659,"name":"shopping-cart"},"setIdx":0,"setId":17,"iconIdx":0},{"icon":{"paths":["M658.286 475.429c0-141.143-114.857-256-256-256s-256 114.857-256 256 114.857 256 256 256 256-114.857 256-256zM950.857 950.857c0 40-33.143 73.143-73.143 73.143-19.429 0-38.286-8-51.429-21.714l-196-195.429c-66.857 46.286-146.857 70.857-228 70.857-222.286 0-402.286-180-402.286-402.286s180-402.286 402.286-402.286 402.286 180 402.286 402.286c0 81.143-24.571 161.143-70.857 228l196 196c13.143 13.143 21.143 32 21.143 51.429z"],"width":950.8571428571428,"attrs":[],"isMulticolor":false,"isMulticolor2":false,"tags":["search"],"defaultCode":61442,"grid":14},"attrs":[],"properties":{"name":"search","id":0,"order":19,"prevSize":28,"code":61442},"setIdx":1,"setId":16,"iconIdx":0},{"icon":{"paths":["M658 708l-60 60-256-256 256-256 60 60-196 196z"],"attrs":[],"isMulticolor":false,"isMulticolor2":false,"tags":["keyboard_arrow_left"],"grid":24},"attrs":[],"properties":{"ligatures":"keyboard_arrow_left","id":343,"order":20,"prevSize":24,"code":59654,"name":"keyboard_arrow_left"},"setIdx":2,"setId":15,"iconIdx":343},{"icon":{"paths":["M366 708l196-196-196-196 60-60 256 256-256 256z"],"attrs":[],"isMulticolor":false,"isMulticolor2":false,"tags":["keyboard_arrow_right"],"grid":24},"attrs":[],"properties":{"ligatures":"keyboard_arrow_right","id":344,"order":21,"prevSize":24,"code":59655,"name":"keyboard_arrow_right"},"setIdx":2,"setId":15,"iconIdx":344}],"height":1024,"metadata":{"name":"icomoon"},"preferences":{"showGlyphs":true,"showQuickUse":true,"showQuickUse2":true,"showSVGs":true,"fontPref":{"prefix":"icon-","metadata":{"fontFamily":"icomoon"},"metrics":{"emSize":1024,"baseline":6.25,"whitespace":50},"embed":false},"imagePref":{"prefix":"icon-","png":true,"useClassSelector":true,"color":0,"bgColor":16777215,"classSelector":".icon"},"historySize":50,"showCodes":true,"gridSize":16}}